# geoip6.tsv  start 	 end 	 country (/前缀 20 聚合)
20010000000000000000000000000000	20010fffffffffffffffffffffffffff	Japan
20011000000000000000000000000000	20011fffffffffffffffffffffffffff	Mexico
20012000000000000000000000000000	20012fffffffffffffffffffffffffff	Sweden
20013000000000000000000000000000	20013fffffffffffffffffffffffffff	Germany
20014000000000000000000000000000	20014fffffffffffffffffffffffffff	France
20015000000000000000000000000000	20015fffffffffffffffffffffffffff	Türkiye
20018000000000000000000000000000	20018fffffffffffffffffffffffffff	Australia
20019000000000000000000000000000	20019fffffffffffffffffffffffffff	Australia
2001a000000000000000000000000000	2001afffffffffffffffffffffffffff	Japan
2001b000000000000000000000000000	2001bfffffffffffffffffffffffffff	中国
20030000000000000000000000000000	20030fffffffffffffffffffffffffff	Germany
20031000000000000000000000000000	20031fffffffffffffffffffffffffff	Germany
20032000000000000000000000000000	20032fffffffffffffffffffffffffff	Netherlands
20080000000000000000000000000000	20080fffffffffffffffffffffffffff	Brazil
24000000000000000000000000000000	24000fffffffffffffffffffffffffff	Australia
24001000000000000000000000000000	24001fffffffffffffffffffffffffff	Japan
24002000000000000000000000000000	24002fffffffffffffffffffffffffff	Japan
24003000000000000000000000000000	24003fffffffffffffffffffffffffff	Japan
24004000000000000000000000000000	24004fffffffffffffffffffffffffff	Japan
24005000000000000000000000000000	24005fffffffffffffffffffffffffff	Australia
24006000000000000000000000000000	24006fffffffffffffffffffffffffff	中国
24007000000000000000000000000000	24007fffffffffffffffffffffffffff	中国
24008000000000000000000000000000	24008fffffffffffffffffffffffffff	Indonesia
24009000000000000000000000000000	24009fffffffffffffffffffffffffff	Australia
2400a000000000000000000000000000	2400afffffffffffffffffffffffffff	Bangladesh
2400b000000000000000000000000000	2400bfffffffffffffffffffffffffff	Philippines
2400c000000000000000000000000000	2400cfffffffffffffffffffffffffff	New Zealand
2400d000000000000000000000000000	2400dfffffffffffffffffffffffffff	India
2400e000000000000000000000000000	2400efffffffffffffffffffffffffff	Japan
2400f000000000000000000000000000	2400ffffffffffffffffffffffffffff	中国
24010000000000000000000000000000	24010fffffffffffffffffffffffffff	Pakistan
24011000000000000000000000000000	24011fffffffffffffffffffffffffff	中国
24012000000000000000000000000000	24012fffffffffffffffffffffffffff	Singapore
24013000000000000000000000000000	24013fffffffffffffffffffffffffff	中国
24014000000000000000000000000000	24014fffffffffffffffffffffffffff	South Korea
24015000000000000000000000000000	24015fffffffffffffffffffffffffff	Malaysia
24016000000000000000000000000000	24016fffffffffffffffffffffffffff	Australia
24017000000000000000000000000000	24017fffffffffffffffffffffffffff	New Zealand
24018000000000000000000000000000	24018fffffffffffffffffffffffffff	中国
24019000000000000000000000000000	24019fffffffffffffffffffffffffff	India
2401a000000000000000000000000000	2401afffffffffffffffffffffffffff	South Korea
2401b000000000000000000000000000	2401bfffffffffffffffffffffffffff	Malaysia
2401c000000000000000000000000000	2401cfffffffffffffffffffffffffff	Bangladesh
2401d000000000000000000000000000	2401dfffffffffffffffffffffffffff	New Zealand
2401e000000000000000000000000000	2401efffffffffffffffffffffffffff	Thailand
2401f000000000000000000000000000	2401ffffffffffffffffffffffffffff	New Zealand
24020000000000000000000000000000	24020fffffffffffffffffffffffffff	South Korea
24021000000000000000000000000000	24021fffffffffffffffffffffffffff	中国
24022000000000000000000000000000	24022fffffffffffffffffffffffffff	中国
24023000000000000000000000000000	24023fffffffffffffffffffffffffff	Japan
24024000000000000000000000000000	24024fffffffffffffffffffffffffff	Sri Lanka
24025000000000000000000000000000	24025fffffffffffffffffffffffffff	Indonesia
24026000000000000000000000000000	24026fffffffffffffffffffffffffff	New Zealand
24027000000000000000000000000000	24027fffffffffffffffffffffffffff	South Korea
24028000000000000000000000000000	24028fffffffffffffffffffffffffff	Australia
24029000000000000000000000000000	24029fffffffffffffffffffffffffff	Bangladesh
2402a000000000000000000000000000	2402afffffffffffffffffffffffffff	Indonesia
2402b000000000000000000000000000	2402bfffffffffffffffffffffffffff	India
2402c000000000000000000000000000	2402cfffffffffffffffffffffffffff	Bangladesh
2402d000000000000000000000000000	2402dfffffffffffffffffffffffffff	Sri Lanka
2402e000000000000000000000000000	2402efffffffffffffffffffffffffff	Pakistan
2402f000000000000000000000000000	2402ffffffffffffffffffffffffffff	中国
24030000000000000000000000000000	24030fffffffffffffffffffffffffff	India
24031000000000000000000000000000	24031fffffffffffffffffffffffffff	中国
24032000000000000000000000000000	24032fffffffffffffffffffffffffff	Japan
24033000000000000000000000000000	24033fffffffffffffffffffffffffff	中国
24034000000000000000000000000000	24034fffffffffffffffffffffffffff	Bangladesh
24035000000000000000000000000000	24035fffffffffffffffffffffffffff	中国
24036000000000000000000000000000	24036fffffffffffffffffffffffffff	Viet Nam
24037000000000000000000000000000	24037fffffffffffffffffffffffffff	New Zealand
24038000000000000000000000000000	24038fffffffffffffffffffffffffff	Indonesia
24039000000000000000000000000000	24039fffffffffffffffffffffffffff	Bangladesh
2403a000000000000000000000000000	2403afffffffffffffffffffffffffff	Philippines
2403b000000000000000000000000000	2403bfffffffffffffffffffffffffff	中国
2403c000000000000000000000000000	2403cfffffffffffffffffffffffffff	Thailand
2403d000000000000000000000000000	2403dfffffffffffffffffffffffffff	Japan
2403e000000000000000000000000000	2403efffffffffffffffffffffffffff	Australia
2403f000000000000000000000000000	2403ffffffffffffffffffffffffffff	Australia
24040000000000000000000000000000	24040fffffffffffffffffffffffffff	中国
24041000000000000000000000000000	24041fffffffffffffffffffffffffff	Japan
24042000000000000000000000000000	24042fffffffffffffffffffffffffff	New Zealand
24043000000000000000000000000000	24043fffffffffffffffffffffffffff	Indonesia
24044000000000000000000000000000	24044fffffffffffffffffffffffffff	Bangladesh
24045000000000000000000000000000	24045fffffffffffffffffffffffffff	Australia
24046000000000000000000000000000	24046fffffffffffffffffffffffffff	中国
24047000000000000000000000000000	24047fffffffffffffffffffffffffff	Pakistan
24048000000000000000000000000000	24048fffffffffffffffffffffffffff	Indonesia
24049000000000000000000000000000	24049fffffffffffffffffffffffffff	Japan
2404a000000000000000000000000000	2404afffffffffffffffffffffffffff	中国
2404b000000000000000000000000000	2404bfffffffffffffffffffffffffff	Australia
2404c000000000000000000000000000	2404cfffffffffffffffffffffffffff	Indonesia
2404d000000000000000000000000000	2404dfffffffffffffffffffffffffff	New Zealand
2404e000000000000000000000000000	2404efffffffffffffffffffffffffff	Japan
2404f000000000000000000000000000	2404ffffffffffffffffffffffffffff	Sri Lanka
24050000000000000000000000000000	24050fffffffffffffffffffffffffff	Japan
24051000000000000000000000000000	24051fffffffffffffffffffffffffff	Australia
24052000000000000000000000000000	24052fffffffffffffffffffffffffff	中国
24053000000000000000000000000000	24053fffffffffffffffffffffffffff	中国
24054000000000000000000000000000	24054fffffffffffffffffffffffffff	Thailand
24055000000000000000000000000000	24055fffffffffffffffffffffffffff	Indonesia
24056000000000000000000000000000	24056fffffffffffffffffffffffffff	New Zealand
24057000000000000000000000000000	24057fffffffffffffffffffffffffff	Japan
24058000000000000000000000000000	24058fffffffffffffffffffffffffff	Japan
24059000000000000000000000000000	24059fffffffffffffffffffffffffff	Australia
2405a000000000000000000000000000	2405afffffffffffffffffffffffffff	Thailand
2405b000000000000000000000000000	2405bfffffffffffffffffffffffffff	Australia
2405c000000000000000000000000000	2405cfffffffffffffffffffffffffff	South Korea
2405d000000000000000000000000000	2405dfffffffffffffffffffffffffff	Bhutan
2405e000000000000000000000000000	2405efffffffffffffffffffffffffff	中国
2405f000000000000000000000000000	2405ffffffffffffffffffffffffffff	Japan
24060000000000000000000000000000	24060fffffffffffffffffffffffffff	中国
24061000000000000000000000000000	24061fffffffffffffffffffffffffff	Japan
24062000000000000000000000000000	24062fffffffffffffffffffffffffff	中国
24063000000000000000000000000000	24063fffffffffffffffffffffffffff	Singapore
24064000000000000000000000000000	24064fffffffffffffffffffffffffff	South Korea
24065000000000000000000000000000	24065fffffffffffffffffffffffffff	Bangladesh
24066000000000000000000000000000	24066fffffffffffffffffffffffffff	Malaysia
24067000000000000000000000000000	24067fffffffffffffffffffffffffff	Pakistan
24068000000000000000000000000000	24068fffffffffffffffffffffffffff	Japan
24069000000000000000000000000000	24069fffffffffffffffffffffffffff	Viet Nam
2406a000000000000000000000000000	2406afffffffffffffffffffffffffff	Indonesia
2406b000000000000000000000000000	2406bfffffffffffffffffffffffffff	South Korea
2406c000000000000000000000000000	2406cfffffffffffffffffffffffffff	Australia
2406d000000000000000000000000000	2406dfffffffffffffffffffffffffff	South Korea
2406e000000000000000000000000000	2406efffffffffffffffffffffffffff	New Zealand
2406f000000000000000000000000000	2406ffffffffffffffffffffffffffff	Singapore
24070000000000000000000000000000	24070fffffffffffffffffffffffffff	Indonesia
24071000000000000000000000000000	24071fffffffffffffffffffffffffff	New Zealand
24072000000000000000000000000000	24072fffffffffffffffffffffffffff	South Korea
24073000000000000000000000000000	24073fffffffffffffffffffffffffff	Japan
24074000000000000000000000000000	24074fffffffffffffffffffffffffff	Malaysia
24075000000000000000000000000000	24075fffffffffffffffffffffffffff	Bangladesh
24076000000000000000000000000000	24076fffffffffffffffffffffffffff	Malaysia
24077000000000000000000000000000	24077fffffffffffffffffffffffffff	New Zealand
24078000000000000000000000000000	24078fffffffffffffffffffffffffff	中国
24079000000000000000000000000000	24079fffffffffffffffffffffffffff	Australia
2407a000000000000000000000000000	2407afffffffffffffffffffffffffff	Fiji
2407b000000000000000000000000000	2407bfffffffffffffffffffffffffff	Japan
2407c000000000000000000000000000	2407cfffffffffffffffffffffffffff	South Korea
2407d000000000000000000000000000	2407dfffffffffffffffffffffffffff	Pakistan
2407e000000000000000000000000000	2407efffffffffffffffffffffffffff	Singapore
2407f000000000000000000000000000	2407ffffffffffffffffffffffffffff	Bangladesh
24080000000000000000000000000000	24080fffffffffffffffffffffffffff	Japan
24084000000000000000000000000000	24084fffffffffffffffffffffffffff	中国
24086000000000000000000000000000	24086fffffffffffffffffffffffffff	中国
24088000000000000000000000000000	24088fffffffffffffffffffffffffff	中国
24089000000000000000000000000000	24089fffffffffffffffffffffffffff	Australia
24090000000000000000000000000000	24090fffffffffffffffffffffffffff	India
24091000000000000000000000000000	24091fffffffffffffffffffffffffff	中国
24092000000000000000000000000000	24092fffffffffffffffffffffffffff	Singapore
24094000000000000000000000000000	24094fffffffffffffffffffffffffff	India
24096000000000000000000000000000	24096fffffffffffffffffffffffffff	中国
24097000000000000000000000000000	24097fffffffffffffffffffffffffff	Australia
24098000000000000000000000000000	24098fffffffffffffffffffffffffff	中国
24099000000000000000000000000000	24099fffffffffffffffffffffffffff	Australia
240a0000000000000000000000000000	240a0fffffffffffffffffffffffffff	Japan
240a2000000000000000000000000000	240a2fffffffffffffffffffffffffff	中国
240a4000000000000000000000000000	240a4fffffffffffffffffffffffffff	中国
240a6000000000000000000000000000	240a6fffffffffffffffffffffffffff	中国
240a8000000000000000000000000000	240a8fffffffffffffffffffffffffff	中国
240aa000000000000000000000000000	240aafffffffffffffffffffffffffff	中国
240ab000000000000000000000000000	240abfffffffffffffffffffffffffff	Australia
240ac000000000000000000000000000	240acfffffffffffffffffffffffffff	中国
240ad000000000000000000000000000	240adfffffffffffffffffffffffffff	Australia
240ae000000000000000000000000000	240aefffffffffffffffffffffffffff	India
240af000000000000000000000000000	240affffffffffffffffffffffffffff	Australia
240b0000000000000000000000000000	240b0fffffffffffffffffffffffffff	Japan
240b2000000000000000000000000000	240b2fffffffffffffffffffffffffff	中国
240b4000000000000000000000000000	240b4fffffffffffffffffffffffffff	Singapore
240b6000000000000000000000000000	240b6fffffffffffffffffffffffffff	中国
240b7000000000000000000000000000	240b7fffffffffffffffffffffffffff	Australia
240b8000000000000000000000000000	240b8fffffffffffffffffffffffffff	中国
240ba000000000000000000000000000	240bafffffffffffffffffffffffffff	中国
240bc000000000000000000000000000	240bcfffffffffffffffffffffffffff	Japan
240be000000000000000000000000000	240befffffffffffffffffffffffffff	中国
240c0000000000000000000000000000	240c0fffffffffffffffffffffffffff	中国
240c4000000000000000000000000000	240c4fffffffffffffffffffffffffff	中国
240c8000000000000000000000000000	240c8fffffffffffffffffffffffffff	中国
240cc000000000000000000000000000	240ccfffffffffffffffffffffffffff	中国
240cd000000000000000000000000000	240cdfffffffffffffffffffffffffff	Australia
240d0000000000000000000000000000	240d0fffffffffffffffffffffffffff	Japan
240d4000000000000000000000000000	240d4fffffffffffffffffffffffffff	中国
240d8000000000000000000000000000	240d8fffffffffffffffffffffffffff	中国
240dc000000000000000000000000000	240dcfffffffffffffffffffffffffff	Singapore
240e0000000000000000000000000000	240e0fffffffffffffffffffffffffff	中国
240e4000000000000000000000000000	240e4fffffffffffffffffffffffffff	Australia
240f0000000000000000000000000000	240f0fffffffffffffffffffffffffff	Japan
240f4000000000000000000000000000	240f4fffffffffffffffffffffffffff	中国
240f8000000000000000000000000000	240f8fffffffffffffffffffffffffff	中国
240fc000000000000000000000000000	240fcfffffffffffffffffffffffffff	中国
26000000000000000000000000000000	26000fffffffffffffffffffffffffff	United States
26001000000000000000000000000000	26001fffffffffffffffffffffffffff	United States
26002000000000000000000000000000	26002fffffffffffffffffffffffffff	United States
26003000000000000000000000000000	26003fffffffffffffffffffffffffff	United States
26004000000000000000000000000000	26004fffffffffffffffffffffffffff	United States
26005000000000000000000000000000	26005fffffffffffffffffffffffffff	United States
26006000000000000000000000000000	26006fffffffffffffffffffffffffff	United States
26007000000000000000000000000000	26007fffffffffffffffffffffffffff	United States
26008000000000000000000000000000	26008fffffffffffffffffffffffffff	United States
26009000000000000000000000000000	26009fffffffffffffffffffffffffff	United States
2600a000000000000000000000000000	2600afffffffffffffffffffffffffff	United States
2600b000000000000000000000000000	2600bfffffffffffffffffffffffffff	United States
2600c000000000000000000000000000	2600cfffffffffffffffffffffffffff	United States
2600d000000000000000000000000000	2600dfffffffffffffffffffffffffff	United States
2600e000000000000000000000000000	2600efffffffffffffffffffffffffff	Canada
2600f000000000000000000000000000	2600ffffffffffffffffffffffffffff	United States
26010000000000000000000000000000	26010fffffffffffffffffffffffffff	United States
26011000000000000000000000000000	26011fffffffffffffffffffffffffff	United States
26012000000000000000000000000000	26012fffffffffffffffffffffffffff	United States
26013000000000000000000000000000	26013fffffffffffffffffffffffffff	United States
26014000000000000000000000000000	26014fffffffffffffffffffffffffff	United States
26015000000000000000000000000000	26015fffffffffffffffffffffffffff	United States
26016000000000000000000000000000	26016fffffffffffffffffffffffffff	United States
26018000000000000000000000000000	26018fffffffffffffffffffffffffff	United States
26019000000000000000000000000000	26019fffffffffffffffffffffffffff	United States
2601a000000000000000000000000000	2601afffffffffffffffffffffffffff	United States
2601b000000000000000000000000000	2601bfffffffffffffffffffffffffff	United States
2601c000000000000000000000000000	2601cfffffffffffffffffffffffffff	United States
2601d000000000000000000000000000	2601dfffffffffffffffffffffffffff	United States
2601e000000000000000000000000000	2601efffffffffffffffffffffffffff	United States
2601f000000000000000000000000000	2601ffffffffffffffffffffffffffff	United States
26020000000000000000000000000000	26020fffffffffffffffffffffffffff	United States
2602f000000000000000000000000000	2602ffffffffffffffffffffffffffff	United States
26030000000000000000000000000000	26030fffffffffffffffffffffffffff	United States
26031000000000000000000000000000	26031fffffffffffffffffffffffffff	South Africa
26032000000000000000000000000000	26032fffffffffffffffffffffffffff	United States
26033000000000000000000000000000	26033fffffffffffffffffffffffffff	United States
26034000000000000000000000000000	26034fffffffffffffffffffffffffff	United States
26035000000000000000000000000000	26035fffffffffffffffffffffffffff	United States
26036000000000000000000000000000	26036fffffffffffffffffffffffffff	United States
26037000000000000000000000000000	26037fffffffffffffffffffffffffff	United States
26038000000000000000000000000000	26038fffffffffffffffffffffffffff	United States
26039000000000000000000000000000	26039fffffffffffffffffffffffffff	United States
2603a000000000000000000000000000	2603afffffffffffffffffffffffffff	United States
2603b000000000000000000000000000	2603bfffffffffffffffffffffffffff	United States
2603c000000000000000000000000000	2603cfffffffffffffffffffffffffff	United States
2603d000000000000000000000000000	2603dfffffffffffffffffffffffffff	United States
2603e000000000000000000000000000	2603efffffffffffffffffffffffffff	United States
2603f000000000000000000000000000	2603ffffffffffffffffffffffffffff	United States
26040000000000000000000000000000	26040fffffffffffffffffffffffffff	United States
26041000000000000000000000000000	26041fffffffffffffffffffffffffff	United States
26042000000000000000000000000000	26042fffffffffffffffffffffffffff	United States
26043000000000000000000000000000	26043fffffffffffffffffffffffffff	United States
26044000000000000000000000000000	26044fffffffffffffffffffffffffff	Canada
26045000000000000000000000000000	26045fffffffffffffffffffffffffff	United States
26046000000000000000000000000000	26046fffffffffffffffffffffffffff	United States
26047000000000000000000000000000	26047fffffffffffffffffffffffffff	United States
26048000000000000000000000000000	26048fffffffffffffffffffffffffff	United States
26049000000000000000000000000000	26049fffffffffffffffffffffffffff	United States
2604a000000000000000000000000000	2604afffffffffffffffffffffffffff	United States
2604b000000000000000000000000000	2604bfffffffffffffffffffffffffff	Puerto Rico
2604c000000000000000000000000000	2604cfffffffffffffffffffffffffff	United States
2604d000000000000000000000000000	2604dfffffffffffffffffffffffffff	United States
2604e000000000000000000000000000	2604efffffffffffffffffffffffffff	United States
2604f000000000000000000000000000	2604ffffffffffffffffffffffffffff	Canada
26050000000000000000000000000000	26050fffffffffffffffffffffffffff	United States
26051000000000000000000000000000	26051fffffffffffffffffffffffffff	Canada
26052000000000000000000000000000	26052fffffffffffffffffffffffffff	United States
26053000000000000000000000000000	26053fffffffffffffffffffffffffff	United States
26054000000000000000000000000000	26054fffffffffffffffffffffffffff	United States
26055000000000000000000000000000	26055fffffffffffffffffffffffffff	United States
26056000000000000000000000000000	26056fffffffffffffffffffffffffff	United States
26057000000000000000000000000000	26057fffffffffffffffffffffffffff	United States
26058000000000000000000000000000	26058fffffffffffffffffffffffffff	United States
26059000000000000000000000000000	26059fffffffffffffffffffffffffff	Canada
2605a000000000000000000000000000	2605afffffffffffffffffffffffffff	United States
2605b000000000000000000000000000	2605bfffffffffffffffffffffffffff	Canada
2605c000000000000000000000000000	2605cfffffffffffffffffffffffffff	United States
2605d000000000000000000000000000	2605dfffffffffffffffffffffffffff	United States
2605e000000000000000000000000000	2605efffffffffffffffffffffffffff	United States
2605f000000000000000000000000000	2605ffffffffffffffffffffffffffff	United States
26060000000000000000000000000000	26060fffffffffffffffffffffffffff	United States
26061000000000000000000000000000	26061fffffffffffffffffffffffffff	United States
26062000000000000000000000000000	26062fffffffffffffffffffffffffff	United States
26063000000000000000000000000000	26063fffffffffffffffffffffffffff	Canada
26064000000000000000000000000000	26064fffffffffffffffffffffffffff	United States
26065000000000000000000000000000	26065fffffffffffffffffffffffffff	United States
26066000000000000000000000000000	26066fffffffffffffffffffffffffff	United States
26067000000000000000000000000000	26067fffffffffffffffffffffffffff	United States
26068000000000000000000000000000	26068fffffffffffffffffffffffffff	United States
26069000000000000000000000000000	26069fffffffffffffffffffffffffff	United States
2606a000000000000000000000000000	2606afffffffffffffffffffffffffff	United States
2606b000000000000000000000000000	2606bfffffffffffffffffffffffffff	United States
2606c000000000000000000000000000	2606cfffffffffffffffffffffffffff	United States
2606d000000000000000000000000000	2606dfffffffffffffffffffffffffff	Canada
2606e000000000000000000000000000	2606efffffffffffffffffffffffffff	Canada
2606f000000000000000000000000000	2606ffffffffffffffffffffffffffff	United States
26070000000000000000000000000000	26070fffffffffffffffffffffffffff	Canada
26071000000000000000000000000000	26071fffffffffffffffffffffffffff	United States
26072000000000000000000000000000	26072fffffffffffffffffffffffffff	Puerto Rico
26073000000000000000000000000000	26073fffffffffffffffffffffffffff	United States
26074000000000000000000000000000	26074fffffffffffffffffffffffffff	United States
26075000000000000000000000000000	26075fffffffffffffffffffffffffff	United States
26076000000000000000000000000000	26076fffffffffffffffffffffffffff	Serbia
26077000000000000000000000000000	26077fffffffffffffffffffffffffff	United States
26078000000000000000000000000000	26078fffffffffffffffffffffffffff	United States
26079000000000000000000000000000	26079fffffffffffffffffffffffffff	United States
2607a000000000000000000000000000	2607afffffffffffffffffffffffffff	Canada
2607b000000000000000000000000000	2607bfffffffffffffffffffffffffff	United States
2607c000000000000000000000000000	2607cfffffffffffffffffffffffffff	Canada
2607d000000000000000000000000000	2607dfffffffffffffffffffffffffff	United States
2607e000000000000000000000000000	2607efffffffffffffffffffffffffff	United States
2607f000000000000000000000000000	2607ffffffffffffffffffffffffffff	United States
26080000000000000000000000000000	26080fffffffffffffffffffffffffff	United States
26084000000000000000000000000000	26084fffffffffffffffffffffffffff	United States
26088000000000000000000000000000	26088fffffffffffffffffffffffffff	United States
2608c000000000000000000000000000	2608cfffffffffffffffffffffffffff	United States
26090000000000000000000000000000	26090fffffffffffffffffffffffffff	United States
26094000000000000000000000000000	26094fffffffffffffffffffffffffff	United States
26098000000000000000000000000000	26098fffffffffffffffffffffffffff	United States
2609a000000000000000000000000000	2609afffffffffffffffffffffffffff	United States
2609c000000000000000000000000000	2609cfffffffffffffffffffffffffff	United States
2609e000000000000000000000000000	2609efffffffffffffffffffffffffff	United States
260c0000000000000000000000000000	260c0fffffffffffffffffffffffffff	United States
260c2000000000000000000000000000	260c2fffffffffffffffffffffffffff	United States
260c4000000000000000000000000000	260c4fffffffffffffffffffffffffff	United States
260c6000000000000000000000000000	260c6fffffffffffffffffffffffffff	United States
260c8000000000000000000000000000	260c8fffffffffffffffffffffffffff	United States
260ca000000000000000000000000000	260cafffffffffffffffffffffffffff	United States
260cc000000000000000000000000000	260ccfffffffffffffffffffffffffff	United States
260cd000000000000000000000000000	260cdfffffffffffffffffffffffffff	United States
260ce000000000000000000000000000	260cefffffffffffffffffffffffffff	United States
260cf000000000000000000000000000	260cffffffffffffffffffffffffffff	United States
260fd000000000000000000000000000	260fdfffffffffffffffffffffffffff	United States
260ff000000000000000000000000000	260fffffffffffffffffffffffffffff	United States
26100000000000000000000000000000	26100fffffffffffffffffffffffffff	Canada
26200000000000000000000000000000	26200fffffffffffffffffffffffffff	United States
26300000000000000000000000000000	26300fffffffffffffffffffffffffff	United States
26310000000000000000000000000000	26310fffffffffffffffffffffffffff	United States
26311000000000000000000000000000	26311fffffffffffffffffffffffffff	Canada
26312000000000000000000000000000	26312fffffffffffffffffffffffffff	United States
26313000000000000000000000000000	26313fffffffffffffffffffffffffff	United States
26320000000000000000000000000000	26320fffffffffffffffffffffffffff	United States
26321000000000000000000000000000	26321fffffffffffffffffffffffffff	United States
2650f000000000000000000000000000	2650ffffffffffffffffffffffffffff	United States
28000000000000000000000000000000	28000fffffffffffffffffffffffffff	Uruguay
28001000000000000000000000000000	28001fffffffffffffffffffffffffff	Venezuela
28002000000000000000000000000000	28002fffffffffffffffffffffffffff	Argentina
28003000000000000000000000000000	28003fffffffffffffffffffffffffff	Uruguay
2800a000000000000000000000000000	2800afffffffffffffffffffffffffff	Venezuela
2800b000000000000000000000000000	2800bfffffffffffffffffffffffffff	Argentina
2800d000000000000000000000000000	2800dfffffffffffffffffffffffffff	Costa Rica
28010000000000000000000000000000	28010fffffffffffffffffffffffffff	Uruguay
28020000000000000000000000000000	28020fffffffffffffffffffffffffff	United States
28028000000000000000000000000000	28028fffffffffffffffffffffffffff	Argentina
28030000000000000000000000000000	28030fffffffffffffffffffffffffff	Argentina
28031000000000000000000000000000	28031fffffffffffffffffffffffffff	El Salvador
28032000000000000000000000000000	28032fffffffffffffffffffffffffff	Argentina
28033000000000000000000000000000	28033fffffffffffffffffffffffffff	Panama
28034000000000000000000000000000	28034fffffffffffffffffffffffffff	Argentina
28035000000000000000000000000000	28035fffffffffffffffffffffffffff	Argentina
28036000000000000000000000000000	28036fffffffffffffffffffffffffff	Costa Rica
28037000000000000000000000000000	28037fffffffffffffffffffffffffff	Guatemala
28038000000000000000000000000000	28038fffffffffffffffffffffffffff	Argentina
28039000000000000000000000000000	28039fffffffffffffffffffffffffff	Argentina
2803a000000000000000000000000000	2803afffffffffffffffffffffffffff	Caribbean Netherlands
2803b000000000000000000000000000	2803bfffffffffffffffffffffffffff	Colombia
2803c000000000000000000000000000	2803cfffffffffffffffffffffffffff	Venezuela
2803d000000000000000000000000000	2803dfffffffffffffffffffffffffff	United States
2803e000000000000000000000000000	2803efffffffffffffffffffffffffff	Colombia
2803f000000000000000000000000000	2803ffffffffffffffffffffffffffff	Argentina
28040000000000000000000000000000	28040fffffffffffffffffffffffffff	Brazil
28041000000000000000000000000000	28041fffffffffffffffffffffffffff	Brazil
28042000000000000000000000000000	28042fffffffffffffffffffffffffff	Brazil
28043000000000000000000000000000	28043fffffffffffffffffffffffffff	Brazil
28044000000000000000000000000000	28044fffffffffffffffffffffffffff	Brazil
28045000000000000000000000000000	28045fffffffffffffffffffffffffff	Brazil
28046000000000000000000000000000	28046fffffffffffffffffffffffffff	Brazil
28047000000000000000000000000000	28047fffffffffffffffffffffffffff	Brazil
28048000000000000000000000000000	28048fffffffffffffffffffffffffff	Brazil
28049000000000000000000000000000	28049fffffffffffffffffffffffffff	Brazil
28060000000000000000000000000000	28060fffffffffffffffffffffffffff	Mexico
28061000000000000000000000000000	28061fffffffffffffffffffffffffff	Mexico
2a000000000000000000000000000000	2a000fffffffffffffffffffffffffff	Germany
2a001000000000000000000000000000	2a001fffffffffffffffffffffffffff	Germany
2a002000000000000000000000000000	2a002fffffffffffffffffffffffffff	United Kingdom
2a004000000000000000000000000000	2a004fffffffffffffffffffffffffff	Iran
2a005000000000000000000000000000	2a005fffffffffffffffffffffffffff	Iceland
2a006000000000000000000000000000	2a006fffffffffffffffffffffffffff	France
2a007000000000000000000000000000	2a007fffffffffffffffffffffffffff	Belgium
2a008000000000000000000000000000	2a008fffffffffffffffffffffffffff	United Kingdom
2a009000000000000000000000000000	2a009fffffffffffffffffffffffffff	Latvia
2a00a000000000000000000000000000	2a00afffffffffffffffffffffffffff	Netherlands
2a00b000000000000000000000000000	2a00bfffffffffffffffffffffffffff	Slovakia
2a00c000000000000000000000000000	2a00cfffffffffffffffffffffffffff	France
2a00d000000000000000000000000000	2a00dfffffffffffffffffffffffffff	United Kingdom
2a00e000000000000000000000000000	2a00efffffffffffffffffffffffffff	Russia
2a00f000000000000000000000000000	2a00ffffffffffffffffffffffffffff	Slovenia
2a010000000000000000000000000000	2a010fffffffffffffffffffffffffff	France
2a011000000000000000000000000000	2a011fffffffffffffffffffffffffff	Poland
2a012000000000000000000000000000	2a012fffffffffffffffffffffffffff	Italy
2a013000000000000000000000000000	2a013fffffffffffffffffffffffffff	Netherlands
2a014000000000000000000000000000	2a014fffffffffffffffffffffffffff	Armenia
2a015000000000000000000000000000	2a015fffffffffffffffffffffffffff	Germany
2a016000000000000000000000000000	2a016fffffffffffffffffffffffffff	United Kingdom
2a017000000000000000000000000000	2a017fffffffffffffffffffffffffff	Italy
2a018000000000000000000000000000	2a018fffffffffffffffffffffffffff	United Kingdom
2a019000000000000000000000000000	2a019fffffffffffffffffffffffffff	France
2a01a000000000000000000000000000	2a01afffffffffffffffffffffffffff	United Kingdom
2a01b000000000000000000000000000	2a01bfffffffffffffffffffffffffff	United Kingdom
2a01c000000000000000000000000000	2a01cfffffffffffffffffffffffffff	France
2a01d000000000000000000000000000	2a01dfffffffffffffffffffffffffff	France
2a01e000000000000000000000000000	2a01efffffffffffffffffffffffffff	Switzerland
2a01f000000000000000000000000000	2a01ffffffffffffffffffffffffffff	Azerbaijan
2a020000000000000000000000000000	2a020fffffffffffffffffffffffffff	Luxembourg
2a021000000000000000000000000000	2a021fffffffffffffffffffffffffff	Germany
2a022000000000000000000000000000	2a022fffffffffffffffffffffffffff	Ukraine
2a023000000000000000000000000000	2a023fffffffffffffffffffffffffff	Germany
2a024000000000000000000000000000	2a024fffffffffffffffffffffffffff	Czechia
2a025000000000000000000000000000	2a025fffffffffffffffffffffffffff	France
2a026000000000000000000000000000	2a026fffffffffffffffffffffffffff	Italy
2a027000000000000000000000000000	2a027fffffffffffffffffffffffffff	Slovenia
2a028000000000000000000000000000	2a028fffffffffffffffffffffffffff	Germany
2a029000000000000000000000000000	2a029fffffffffffffffffffffffffff	Spain
2a02a000000000000000000000000000	2a02afffffffffffffffffffffffffff	Belgium
2a02b000000000000000000000000000	2a02bfffffffffffffffffffffffffff	Italy
2a02c000000000000000000000000000	2a02cfffffffffffffffffffffffffff	Hungary
2a02d000000000000000000000000000	2a02dfffffffffffffffffffffffffff	Switzerland
2a02e000000000000000000000000000	2a02efffffffffffffffffffffffffff	France
2a02f000000000000000000000000000	2a02ffffffffffffffffffffffffffff	Czechia
2a030000000000000000000000000000	2a030fffffffffffffffffffffffffff	Portugal
2a031000000000000000000000000000	2a031fffffffffffffffffffffffffff	Austria
2a032000000000000000000000000000	2a032fffffffffffffffffffffffffff	United Kingdom
2a033000000000000000000000000000	2a033fffffffffffffffffffffffffff	Belarus
2a034000000000000000000000000000	2a034fffffffffffffffffffffffffff	Germany
2a035000000000000000000000000000	2a035fffffffffffffffffffffffffff	Germany
2a036000000000000000000000000000	2a036fffffffffffffffffffffffffff	Netherlands
2a037000000000000000000000000000	2a037fffffffffffffffffffffffffff	Netherlands
2a038000000000000000000000000000	2a038fffffffffffffffffffffffffff	Italy
2a039000000000000000000000000000	2a039fffffffffffffffffffffffffff	Russia
2a03a000000000000000000000000000	2a03afffffffffffffffffffffffffff	United Kingdom
2a03b000000000000000000000000000	2a03bfffffffffffffffffffffffffff	Sweden
2a03c000000000000000000000000000	2a03cfffffffffffffffffffffffffff	Norway
2a03d000000000000000000000000000	2a03dfffffffffffffffffffffffffff	Russia
2a03e000000000000000000000000000	2a03efffffffffffffffffffffffffff	United Kingdom
2a03f000000000000000000000000000	2a03ffffffffffffffffffffffffffff	Greece
2a040000000000000000000000000000	2a040fffffffffffffffffffffffffff	Germany
2a041000000000000000000000000000	2a041fffffffffffffffffffffffffff	Norway
2a042000000000000000000000000000	2a042fffffffffffffffffffffffffff	France
2a043000000000000000000000000000	2a043fffffffffffffffffffffffffff	Austria
2a044000000000000000000000000000	2a044fffffffffffffffffffffffffff	Poland
2a045000000000000000000000000000	2a045fffffffffffffffffffffffffff	Italy
2a046000000000000000000000000000	2a046fffffffffffffffffffffffffff	Russia
2a047000000000000000000000000000	2a047fffffffffffffffffffffffffff	Finland
2a048000000000000000000000000000	2a048fffffffffffffffffffffffffff	Ukraine
2a049000000000000000000000000000	2a049fffffffffffffffffffffffffff	Spain
2a04a000000000000000000000000000	2a04afffffffffffffffffffffffffff	Netherlands
2a04b000000000000000000000000000	2a04bfffffffffffffffffffffffffff	Spain
2a04c000000000000000000000000000	2a04cfffffffffffffffffffffffffff	United Kingdom
2a04d000000000000000000000000000	2a04dfffffffffffffffffffffffffff	Netherlands
2a04e000000000000000000000000000	2a04efffffffffffffffffffffffffff	United Kingdom
2a04f000000000000000000000000000	2a04ffffffffffffffffffffffffffff	Switzerland
2a050000000000000000000000000000	2a050fffffffffffffffffffffffffff	Belgium
2a051000000000000000000000000000	2a051fffffffffffffffffffffffffff	France
2a052000000000000000000000000000	2a052fffffffffffffffffffffffffff	Sweden
2a053000000000000000000000000000	2a053fffffffffffffffffffffffffff	Türkiye
2a054000000000000000000000000000	2a054fffffffffffffffffffffffffff	Bulgaria
2a055000000000000000000000000000	2a055fffffffffffffffffffffffffff	France
2a056000000000000000000000000000	2a056fffffffffffffffffffffffffff	Georgia
2a057000000000000000000000000000	2a057fffffffffffffffffffffffffff	Switzerland
2a058000000000000000000000000000	2a058fffffffffffffffffffffffffff	Italy
2a059000000000000000000000000000	2a059fffffffffffffffffffffffffff	Saudi Arabia
2a05a000000000000000000000000000	2a05afffffffffffffffffffffffffff	Russia
2a05b000000000000000000000000000	2a05bfffffffffffffffffffffffffff	Netherlands
2a05c000000000000000000000000000	2a05cfffffffffffffffffffffffffff	Hungary
2a05d000000000000000000000000000	2a05dfffffffffffffffffffffffffff	United States
2a05e000000000000000000000000000	2a05efffffffffffffffffffffffffff	Denmark
2a05f000000000000000000000000000	2a05ffffffffffffffffffffffffffff	Türkiye
2a060000000000000000000000000000	2a060fffffffffffffffffffffffffff	Italy
2a061000000000000000000000000000	2a061fffffffffffffffffffffffffff	Sweden
2a062000000000000000000000000000	2a062fffffffffffffffffffffffffff	Portugal
2a063000000000000000000000000000	2a063fffffffffffffffffffffffffff	United Kingdom
2a064000000000000000000000000000	2a064fffffffffffffffffffffffffff	Denmark
2a065000000000000000000000000000	2a065fffffffffffffffffffffffffff	India
2a066000000000000000000000000000	2a066fffffffffffffffffffffffffff	Germany
2a067000000000000000000000000000	2a067fffffffffffffffffffffffffff	Germany
2a068000000000000000000000000000	2a068fffffffffffffffffffffffffff	Netherlands
2a069000000000000000000000000000	2a069fffffffffffffffffffffffffff	Ukraine
2a06a000000000000000000000000000	2a06afffffffffffffffffffffffffff	Germany
2a06b000000000000000000000000000	2a06bfffffffffffffffffffffffffff	Switzerland
2a06c000000000000000000000000000	2a06cfffffffffffffffffffffffffff	Russia
2a06d000000000000000000000000000	2a06dfffffffffffffffffffffffffff	Ukraine
2a06e000000000000000000000000000	2a06efffffffffffffffffffffffffff	United States
2a06f000000000000000000000000000	2a06ffffffffffffffffffffffffffff	Slovakia
2a070000000000000000000000000000	2a070fffffffffffffffffffffffffff	United Kingdom
2a071000000000000000000000000000	2a071fffffffffffffffffffffffffff	Russia
2a072000000000000000000000000000	2a072fffffffffffffffffffffffffff	Iraq
2a073000000000000000000000000000	2a073fffffffffffffffffffffffffff	Spain
2a074000000000000000000000000000	2a074fffffffffffffffffffffffffff	Norway
2a075000000000000000000000000000	2a075fffffffffffffffffffffffffff	Netherlands
2a076000000000000000000000000000	2a076fffffffffffffffffffffffffff	Sweden
2a077000000000000000000000000000	2a077fffffffffffffffffffffffffff	Türkiye
2a078000000000000000000000000000	2a078fffffffffffffffffffffffffff	France
2a079000000000000000000000000000	2a079fffffffffffffffffffffffffff	Estonia
2a07a000000000000000000000000000	2a07afffffffffffffffffffffffffff	Belgium
2a07b000000000000000000000000000	2a07bfffffffffffffffffffffffffff	United States
2a07c000000000000000000000000000	2a07cfffffffffffffffffffffffffff	Czechia
2a07d000000000000000000000000000	2a07dfffffffffffffffffffffffffff	Spain
2a07e000000000000000000000000000	2a07efffffffffffffffffffffffffff	Sweden
2a07f000000000000000000000000000	2a07ffffffffffffffffffffffffffff	Germany
2a080000000000000000000000000000	2a080fffffffffffffffffffffffffff	United Kingdom
2a082000000000000000000000000000	2a082fffffffffffffffffffffffffff	Netherlands
2a090000000000000000000000000000	2a090fffffffffffffffffffffffffff	Germany
2a091000000000000000000000000000	2a091fffffffffffffffffffffffffff	Germany
2a092000000000000000000000000000	2a092fffffffffffffffffffffffffff	United Arab Emirates
2a093000000000000000000000000000	2a093fffffffffffffffffffffffffff	Sweden
2a094000000000000000000000000000	2a094fffffffffffffffffffffffffff	Cyprus
2a095000000000000000000000000000	2a095fffffffffffffffffffffffffff	Spain
2a096000000000000000000000000000	2a096fffffffffffffffffffffffffff	Sweden
2a097000000000000000000000000000	2a097fffffffffffffffffffffffffff	Norway
2a098000000000000000000000000000	2a098fffffffffffffffffffffffffff	United Kingdom
2a099000000000000000000000000000	2a099fffffffffffffffffffffffffff	Poland
2a09a000000000000000000000000000	2a09afffffffffffffffffffffffffff	Netherlands
2a09b000000000000000000000000000	2a09bfffffffffffffffffffffffffff	Czechia
2a09c000000000000000000000000000	2a09cfffffffffffffffffffffffffff	United Kingdom
2a09d000000000000000000000000000	2a09dfffffffffffffffffffffffffff	Russia
2a09e000000000000000000000000000	2a09efffffffffffffffffffffffffff	United Arab Emirates
2a09f000000000000000000000000000	2a09ffffffffffffffffffffffffffff	United States
2a0a0000000000000000000000000000	2a0a0fffffffffffffffffffffffffff	Italy
2a0a1000000000000000000000000000	2a0a1fffffffffffffffffffffffffff	Sweden
2a0a2000000000000000000000000000	2a0a2fffffffffffffffffffffffffff	Finland
2a0a3000000000000000000000000000	2a0a3fffffffffffffffffffffffffff	Spain
2a0a4000000000000000000000000000	2a0a4fffffffffffffffffffffffffff	Hungary
2a0a5000000000000000000000000000	2a0a5fffffffffffffffffffffffffff	Georgia
2a0a6000000000000000000000000000	2a0a6fffffffffffffffffffffffffff	Moldova
2a0a7000000000000000000000000000	2a0a7fffffffffffffffffffffffffff	Netherlands
2a0a8000000000000000000000000000	2a0a8fffffffffffffffffffffffffff	Netherlands
2a0a9000000000000000000000000000	2a0a9fffffffffffffffffffffffffff	Portugal
2a0aa000000000000000000000000000	2a0aafffffffffffffffffffffffffff	United Kingdom
2a0ab000000000000000000000000000	2a0abfffffffffffffffffffffffffff	Germany
2a0ac000000000000000000000000000	2a0acfffffffffffffffffffffffffff	Spain
2a0ad000000000000000000000000000	2a0adfffffffffffffffffffffffffff	Switzerland
2a0ae000000000000000000000000000	2a0aefffffffffffffffffffffffffff	United States
2a0af000000000000000000000000000	2a0affffffffffffffffffffffffffff	Germany
2a0b0000000000000000000000000000	2a0b0fffffffffffffffffffffffffff	Czechia
2a0b1000000000000000000000000000	2a0b1fffffffffffffffffffffffffff	Ukraine
2a0b2000000000000000000000000000	2a0b2fffffffffffffffffffffffffff	Netherlands
2a0b3000000000000000000000000000	2a0b3fffffffffffffffffffffffffff	Iran
2a0b4000000000000000000000000000	2a0b4fffffffffffffffffffffffffff	Slovakia
2a0b5000000000000000000000000000	2a0b5fffffffffffffffffffffffffff	Romania
2a0b6000000000000000000000000000	2a0b6fffffffffffffffffffffffffff	Türkiye
2a0b7000000000000000000000000000	2a0b7fffffffffffffffffffffffffff	Germany
2a0b8000000000000000000000000000	2a0b8fffffffffffffffffffffffffff	Monaco
2a0b9000000000000000000000000000	2a0b9fffffffffffffffffffffffffff	Russia
2a0ba000000000000000000000000000	2a0bafffffffffffffffffffffffffff	France
2a0bb000000000000000000000000000	2a0bbfffffffffffffffffffffffffff	Germany
2a0bc000000000000000000000000000	2a0bcfffffffffffffffffffffffffff	Germany
2a0bd000000000000000000000000000	2a0bdfffffffffffffffffffffffffff	United States
2a0be000000000000000000000000000	2a0befffffffffffffffffffffffffff	Spain
2a0bf000000000000000000000000000	2a0bffffffffffffffffffffffffffff	United States
2a0c0000000000000000000000000000	2a0c0fffffffffffffffffffffffffff	Norway
2a0c1000000000000000000000000000	2a0c1fffffffffffffffffffffffffff	Belgium
2a0c2000000000000000000000000000	2a0c2fffffffffffffffffffffffffff	Germany
2a0c3000000000000000000000000000	2a0c3fffffffffffffffffffffffffff	Germany
2a0c4000000000000000000000000000	2a0c4fffffffffffffffffffffffffff	Iran
2a0c5000000000000000000000000000	2a0c5fffffffffffffffffffffffffff	France
2a0c6000000000000000000000000000	2a0c6fffffffffffffffffffffffffff	Bulgaria
2a0c7000000000000000000000000000	2a0c7fffffffffffffffffffffffffff	Iceland
2a0c8000000000000000000000000000	2a0c8fffffffffffffffffffffffffff	Italy
2a0c9000000000000000000000000000	2a0c9fffffffffffffffffffffffffff	Spain
2a0ca000000000000000000000000000	2a0cafffffffffffffffffffffffffff	France
2a0cb000000000000000000000000000	2a0cbfffffffffffffffffffffffffff	Austria
2a0cc000000000000000000000000000	2a0ccfffffffffffffffffffffffffff	Russia
2a0cd000000000000000000000000000	2a0cdfffffffffffffffffffffffffff	Switzerland
2a0ce000000000000000000000000000	2a0cefffffffffffffffffffffffffff	Germany
2a0cf000000000000000000000000000	2a0cffffffffffffffffffffffffffff	United Kingdom
2a0d0000000000000000000000000000	2a0d0fffffffffffffffffffffffffff	Spain
2a0d1000000000000000000000000000	2a0d1fffffffffffffffffffffffffff	Iraq
2a0d2000000000000000000000000000	2a0d2fffffffffffffffffffffffffff	France
2a0d3000000000000000000000000000	2a0d3fffffffffffffffffffffffffff	United Kingdom
2a0d4000000000000000000000000000	2a0d4fffffffffffffffffffffffffff	United Kingdom
2a0d5000000000000000000000000000	2a0d5fffffffffffffffffffffffffff	Lithuania
2a0d6000000000000000000000000000	2a0d6fffffffffffffffffffffffffff	France
2a0d7000000000000000000000000000	2a0d7fffffffffffffffffffffffffff	Israel
2a0d8000000000000000000000000000	2a0d8fffffffffffffffffffffffffff	Ireland
2a0d9000000000000000000000000000	2a0d9fffffffffffffffffffffffffff	Russia
2a0da000000000000000000000000000	2a0dafffffffffffffffffffffffffff	Türkiye
2a0db000000000000000000000000000	2a0dbfffffffffffffffffffffffffff	Italy
2a0dc000000000000000000000000000	2a0dcfffffffffffffffffffffffffff	Czechia
2a0dd000000000000000000000000000	2a0ddfffffffffffffffffffffffffff	Cyprus
2a0de000000000000000000000000000	2a0defffffffffffffffffffffffffff	Cyprus
2a0df000000000000000000000000000	2a0dffffffffffffffffffffffffffff	France
2a0e0000000000000000000000000000	2a0e0fffffffffffffffffffffffffff	Iran
2a0e1000000000000000000000000000	2a0e1fffffffffffffffffffffffffff	Italy
2a0e2000000000000000000000000000	2a0e2fffffffffffffffffffffffffff	Russia
2a0e3000000000000000000000000000	2a0e3fffffffffffffffffffffffffff	France
2a0e4000000000000000000000000000	2a0e4fffffffffffffffffffffffffff	United Kingdom
2a0e5000000000000000000000000000	2a0e5fffffffffffffffffffffffffff	Poland
2a0e6000000000000000000000000000	2a0e6fffffffffffffffffffffffffff	Italy
2a0e7000000000000000000000000000	2a0e7fffffffffffffffffffffffffff	Russia
2a0e8000000000000000000000000000	2a0e8fffffffffffffffffffffffffff	Spain
2a0e9000000000000000000000000000	2a0e9fffffffffffffffffffffffffff	Germany
2a0ea000000000000000000000000000	2a0eafffffffffffffffffffffffffff	Poland
2a0eb000000000000000000000000000	2a0ebfffffffffffffffffffffffffff	Moldova
2a0ec000000000000000000000000000	2a0ecfffffffffffffffffffffffffff	Sweden
2a0ed000000000000000000000000000	2a0edfffffffffffffffffffffffffff	United Kingdom
2a0ee000000000000000000000000000	2a0eefffffffffffffffffffffffffff	Italy
2a0ef000000000000000000000000000	2a0effffffffffffffffffffffffffff	United Kingdom
2a0f0000000000000000000000000000	2a0f0fffffffffffffffffffffffffff	Russia
2a0f1000000000000000000000000000	2a0f1fffffffffffffffffffffffffff	Germany
2a0f2000000000000000000000000000	2a0f2fffffffffffffffffffffffffff	Cyprus
2a0f3000000000000000000000000000	2a0f3fffffffffffffffffffffffffff	Germany
2a0f4000000000000000000000000000	2a0f4fffffffffffffffffffffffffff	Poland
2a0f5000000000000000000000000000	2a0f5fffffffffffffffffffffffffff	Russia
2a0f6000000000000000000000000000	2a0f6fffffffffffffffffffffffffff	Poland
2a0f7000000000000000000000000000	2a0f7fffffffffffffffffffffffffff	Russia
2a0f8000000000000000000000000000	2a0f8fffffffffffffffffffffffffff	Austria
2a0f9000000000000000000000000000	2a0f9fffffffffffffffffffffffffff	Ireland
2a0fa000000000000000000000000000	2a0fafffffffffffffffffffffffffff	Italy
2a0fb000000000000000000000000000	2a0fbfffffffffffffffffffffffffff	Spain
2a0fc000000000000000000000000000	2a0fcfffffffffffffffffffffffffff	Iran
2a0fd000000000000000000000000000	2a0fdfffffffffffffffffffffffffff	Russia
2a0fe000000000000000000000000000	2a0fefffffffffffffffffffffffffff	Germany
2a0ff000000000000000000000000000	2a0fffffffffffffffffffffffffffff	Russia
2a100000000000000000000000000000	2a100fffffffffffffffffffffffffff	Türkiye
2a101000000000000000000000000000	2a101fffffffffffffffffffffffffff	Austria
2a102000000000000000000000000000	2a102fffffffffffffffffffffffffff	Latvia
2a103000000000000000000000000000	2a103fffffffffffffffffffffffffff	Germany
2a104000000000000000000000000000	2a104fffffffffffffffffffffffffff	Germany
2a105000000000000000000000000000	2a105fffffffffffffffffffffffffff	Portugal
2a106000000000000000000000000000	2a106fffffffffffffffffffffffffff	Finland
2a107000000000000000000000000000	2a107fffffffffffffffffffffffffff	Netherlands
2a108000000000000000000000000000	2a108fffffffffffffffffffffffffff	Israel
2a109000000000000000000000000000	2a109fffffffffffffffffffffffffff	Switzerland
2a10a000000000000000000000000000	2a10afffffffffffffffffffffffffff	United States
2a10b000000000000000000000000000	2a10bfffffffffffffffffffffffffff	Estonia
2a10c000000000000000000000000000	2a10cfffffffffffffffffffffffffff	Switzerland
2a10d000000000000000000000000000	2a10dfffffffffffffffffffffffffff	Greece
2a10e000000000000000000000000000	2a10efffffffffffffffffffffffffff	Germany
2a10f000000000000000000000000000	2a10ffffffffffffffffffffffffffff	Germany
2a110000000000000000000000000000	2a110fffffffffffffffffffffffffff	Poland
2a111000000000000000000000000000	2a111fffffffffffffffffffffffffff	Netherlands
2a112000000000000000000000000000	2a112fffffffffffffffffffffffffff	Netherlands
2a113000000000000000000000000000	2a113fffffffffffffffffffffffffff	France
2a114000000000000000000000000000	2a114fffffffffffffffffffffffffff	Russia
2a115000000000000000000000000000	2a115fffffffffffffffffffffffffff	Belgium
2a116000000000000000000000000000	2a116fffffffffffffffffffffffffff	Netherlands
2a117000000000000000000000000000	2a117fffffffffffffffffffffffffff	Greece
2a118000000000000000000000000000	2a118fffffffffffffffffffffffffff	Belgium
2a119000000000000000000000000000	2a119fffffffffffffffffffffffffff	Estonia
2a11a000000000000000000000000000	2a11afffffffffffffffffffffffffff	Poland
2a11b000000000000000000000000000	2a11bfffffffffffffffffffffffffff	United States
2a11c000000000000000000000000000	2a11cfffffffffffffffffffffffffff	Netherlands
2a11d000000000000000000000000000	2a11dfffffffffffffffffffffffffff	United Kingdom
2a11e000000000000000000000000000	2a11efffffffffffffffffffffffffff	Russia
2a11f000000000000000000000000000	2a11ffffffffffffffffffffffffffff	Netherlands
2a120000000000000000000000000000	2a120fffffffffffffffffffffffffff	United Kingdom
2a121000000000000000000000000000	2a121fffffffffffffffffffffffffff	Russia
2a122000000000000000000000000000	2a122fffffffffffffffffffffffffff	Moldova
2a123000000000000000000000000000	2a123fffffffffffffffffffffffffff	Netherlands
2a124000000000000000000000000000	2a124fffffffffffffffffffffffffff	United States
2a125000000000000000000000000000	2a125fffffffffffffffffffffffffff	Netherlands
2a126000000000000000000000000000	2a126fffffffffffffffffffffffffff	United States
2a127000000000000000000000000000	2a127fffffffffffffffffffffffffff	Luxembourg
2a128000000000000000000000000000	2a128fffffffffffffffffffffffffff	Türkiye
2a129000000000000000000000000000	2a129fffffffffffffffffffffffffff	Latvia
2a12a000000000000000000000000000	2a12afffffffffffffffffffffffffff	Russia
2a12b000000000000000000000000000	2a12bfffffffffffffffffffffffffff	United States
2a12c000000000000000000000000000	2a12cfffffffffffffffffffffffffff	United States
2a12d000000000000000000000000000	2a12dfffffffffffffffffffffffffff	Poland
2a12e000000000000000000000000000	2a12efffffffffffffffffffffffffff	Ukraine
2a12f000000000000000000000000000	2a12ffffffffffffffffffffffffffff	United States
2a130000000000000000000000000000	2a130fffffffffffffffffffffffffff	Denmark
2a131000000000000000000000000000	2a131fffffffffffffffffffffffffff	Germany
2a132000000000000000000000000000	2a132fffffffffffffffffffffffffff	United Kingdom
2a133000000000000000000000000000	2a133fffffffffffffffffffffffffff	Spain
2a134000000000000000000000000000	2a134fffffffffffffffffffffffffff	Türkiye
2a135000000000000000000000000000	2a135fffffffffffffffffffffffffff	Spain
2a136000000000000000000000000000	2a136fffffffffffffffffffffffffff	Latvia
2a137000000000000000000000000000	2a137fffffffffffffffffffffffffff	Spain
2a138000000000000000000000000000	2a138fffffffffffffffffffffffffff	France
2a139000000000000000000000000000	2a139fffffffffffffffffffffffffff	Switzerland
2a13a000000000000000000000000000	2a13afffffffffffffffffffffffffff	Germany
2a13b000000000000000000000000000	2a13bfffffffffffffffffffffffffff	Ukraine
2a13c000000000000000000000000000	2a13cfffffffffffffffffffffffffff	中国
2a13d000000000000000000000000000	2a13dfffffffffffffffffffffffffff	Iraq
2a13e000000000000000000000000000	2a13efffffffffffffffffffffffffff	Germany
2a13f000000000000000000000000000	2a13ffffffffffffffffffffffffffff	Germany
2a140000000000000000000000000000	2a140fffffffffffffffffffffffffff	Germany
2a141000000000000000000000000000	2a141fffffffffffffffffffffffffff	United Arab Emirates
2a142000000000000000000000000000	2a142fffffffffffffffffffffffffff	Ukraine
2a143000000000000000000000000000	2a143fffffffffffffffffffffffffff	United States
2a144000000000000000000000000000	2a144fffffffffffffffffffffffffff	Germany
2a145000000000000000000000000000	2a145fffffffffffffffffffffffffff	Türkiye
2a146000000000000000000000000000	2a146fffffffffffffffffffffffffff	Russia
2a147000000000000000000000000000	2a147fffffffffffffffffffffffffff	Hungary
2a148000000000000000000000000000	2a148fffffffffffffffffffffffffff	Switzerland
2a149000000000000000000000000000	2a149fffffffffffffffffffffffffff	France
2a14a000000000000000000000000000	2a14afffffffffffffffffffffffffff	中国
2a14b000000000000000000000000000	2a14bfffffffffffffffffffffffffff	United Kingdom
2a14c000000000000000000000000000	2a14cfffffffffffffffffffffffffff	Saudi Arabia
2a14d000000000000000000000000000	2a14dfffffffffffffffffffffffffff	Germany
2a14e000000000000000000000000000	2a14efffffffffffffffffffffffffff	France
2a14f000000000000000000000000000	2a14ffffffffffffffffffffffffffff	Bulgaria
2c000000000000000000000000000000	2c000fffffffffffffffffffffffffff	Mauritius
2c0e0000000000000000000000000000	2c0e0fffffffffffffffffffffffffff	Egypt
2c0e1000000000000000000000000000	2c0e1fffffffffffffffffffffffffff	Mauritius
2c0e2000000000000000000000000000	2c0e2fffffffffffffffffffffffffff	South Africa
2c0e3000000000000000000000000000	2c0e3fffffffffffffffffffffffffff	Mauritius
2c0e4000000000000000000000000000	2c0e4fffffffffffffffffffffffffff	South Africa
2c0e6000000000000000000000000000	2c0e6fffffffffffffffffffffffffff	Morocco
2c0e7000000000000000000000000000	2c0e7fffffffffffffffffffffffffff	South Africa
2c0e8000000000000000000000000000	2c0e8fffffffffffffffffffffffffff	South Africa
2c0f0000000000000000000000000000	2c0f0fffffffffffffffffffffffffff	South Africa
2c0f1000000000000000000000000000	2c0f1fffffffffffffffffffffffffff	South Africa
2c0f2000000000000000000000000000	2c0f2fffffffffffffffffffffffffff	South Africa
2c0f3000000000000000000000000000	2c0f3fffffffffffffffffffffffffff	Sierra Leone
2c0f4000000000000000000000000000	2c0f4fffffffffffffffffffffffffff	South Africa
2c0f5000000000000000000000000000	2c0f5fffffffffffffffffffffffffff	South Africa
2c0f6000000000000000000000000000	2c0f6fffffffffffffffffffffffffff	South Africa
2c0f7000000000000000000000000000	2c0f7fffffffffffffffffffffffffff	Nigeria
2c0fe000000000000000000000000000	2c0fefffffffffffffffffffffffffff	Côte d'Ivoire
2c0ff000000000000000000000000000	2c0fffffffffffffffffffffffffffff	Algeria
